{"BBC": {"DT": 77.38003158012856, "KNN": 91.16509104514842, "RF": 83.06569144195757, "NB": 60.13854660347552, "SVM": 95.17064980530847, "LR": 88.5485945619356}, "Ruters": {"DT": 74.95804706851837, "KNN": 75.18113504507656, "RF": 80.97569355080684, "NB": 26.212659561930295, "SVM": 88.17687176965727, "LR": 87.51789908944478}, "20_Newsgroup": {"DT": 67.9819349966675, "KNN": 76.0090287261947, "RF": 86.06379187902043, "NB": 89.84177087981665, "SVM": 91.22344293175144, "LR": 91.66958606507276}, "BBC_org": {"DT": 85.74775896344524, "KNN": 93.80800461327203, "RF": 95.66762248854145, "NB": 96.34218477864493, "SVM": 96.98401534877894, "LR": 96.78246049397107}}