{"BBC": {"DT": 75.56590280019644, "KNN": 84.19219207690573, "RF": 84.47168646004974, "NB": 53.43108837737994, "SVM": 92.33200205268511, "LR": 88.79236403303725}, "Ruters": {"DT": 72.06673203205192, "KNN": 76.64603999000957, "RF": 79.6923979179747, "NB": 28.909671646695884, "SVM": 85.8043941988981, "LR": 85.19529629011454}, "20_Newsgroup": {"DT": 66.49039241273384, "KNN": 76.50750926616963, "RF": 86.42862420577332, "NB": 87.51440364341721, "SVM": 90.9591590078468, "LR": 91.23698568226585}, "BBC_org": {"DT": 85.18881214769836, "KNN": 94.89508977850679, "RF": 98.23099571708586, "NB": 97.51287059473628, "SVM": 97.34814037424236, "LR": 98.00487552759537}}