{"BBC": {"DT": 77.58649747524429, "KNN": 88.5060690943044, "RF": 95.51801242236024, "NB": 51.280872384320666, "SVM": 94.62057071632482, "LR": 90.99501057857297}, "Ruters": {"DT": 69.38849223765433, "KNN": 75.61365988553631, "RF": 77.6942161201931, "NB": 26.033752253360827, "SVM": 84.93589778890498, "LR": 85.08007477106047}, "20_Newsgroup": {"DT": 64.13496931722761, "KNN": 75.31284591150467, "RF": 83.38268008608345, "NB": 85.3869408866181, "SVM": 90.06020643957008, "LR": 90.29008646497972}, "BBC_org": {"DT": 83.53154659612287, "KNN": 95.48115168484706, "RF": 97.05577983029573, "NB": 96.69622181768615, "SVM": 98.25418944179954, "LR": 97.99180170366435}}